date,vault_name,vault_address,underlying_token,daily_apy_pct
2025-10-18,Gauntlet WETH Prime,0x2371e134e3455e0593363cBF89d3b6cf53740618,,2.2849588164466805
2025-09-01,Gauntlet EURC Core,0x2ed10624315b74a78f11FAbedAa1A228c198aEfB,EURC,6.511673749595101
2025-09-02,Gauntlet EURC Core,0x2ed10624315b74a78f11FAbedAa1A228c198aEfB,EURC,6.112532247732491
2025-09-03,Gauntlet EURC Core,0x2ed10624315b74a78f11FAbedAa1A228c198aEfB,EURC,9.883987338081578
2025-09-04,Gauntlet EURC Core,0x2ed10624315b74a78f11FAbedAa1A228c198aEfB,EURC,14.363969838962891
2025-09-05,Gauntlet EURC Core,0x2ed10624315b74a78f11FAbedAa1A228c198aEfB,EURC,6.730965334689284
2025-09-06,Gauntlet EURC Core,0x2ed10624315b74a78f11FAbedAa1A228c198aEfB,EURC,6.204629630493275
2025-09-07,Gauntlet EURC Core,0x2ed10624315b74a78f11FAbedAa1A228c198aEfB,EURC,6.251782344948659
2025-09-08,Gauntlet EURC Core,0x2ed10624315b74a78f11FAbedAa1A228c198aEfB,EURC,6.764277899030677
2025-09-09,Gauntlet EURC Core,0x2ed10624315b74a78f11FAbedAa1A228c198aEfB,EURC,5.975858390189519
2025-09-10,Gauntlet EURC Core,0x2ed10624315b74a78f11FAbedAa1A228c198aEfB,EURC,5.999678444980358
2025-09-11,Gauntlet EURC Core,0x2ed10624315b74a78f11FAbedAa1A228c198aEfB,EURC,10.941521125025362
2025-09-12,Gauntlet EURC Core,0x2ed10624315b74a78f11FAbedAa1A228c198aEfB,EURC,6.670160535993402
2025-09-13,Gauntlet EURC Core,0x2ed10624315b74a78f11FAbedAa1A228c198aEfB,EURC,6.333693880844607
2025-09-14,Gauntlet EURC Core,0x2ed10624315b74a78f11FAbedAa1A228c198aEfB,EURC,6.643068234284568
2025-09-15,Gauntlet EURC Core,0x2ed10624315b74a78f11FAbedAa1A228c198aEfB,EURC,5.532488622369605
2025-09-16,Gauntlet EURC Core,0x2ed10624315b74a78f11FAbedAa1A228c198aEfB,EURC,7.08968809851701
2025-09-17,Gauntlet EURC Core,0x2ed10624315b74a78f11FAbedAa1A228c198aEfB,EURC,7.233958593518409
2025-09-18,Gauntlet EURC Core,0x2ed10624315b74a78f11FAbedAa1A228c198aEfB,EURC,6.8856981854694554
2025-09-19,Gauntlet EURC Core,0x2ed10624315b74a78f11FAbedAa1A228c198aEfB,EURC,6.564960926299683
2025-09-20,Gauntlet EURC Core,0x2ed10624315b74a78f11FAbedAa1A228c198aEfB,EURC,7.639027040372776
2025-09-21,Gauntlet EURC Core,0x2ed10624315b74a78f11FAbedAa1A228c198aEfB,EURC,8.399899717508164
2025-09-22,Gauntlet EURC Core,0x2ed10624315b74a78f11FAbedAa1A228c198aEfB,EURC,7.547368654925076
2025-09-23,Gauntlet EURC Core,0x2ed10624315b74a78f11FAbedAa1A228c198aEfB,EURC,15.623641593328447
2025-09-24,Gauntlet EURC Core,0x2ed10624315b74a78f11FAbedAa1A228c198aEfB,EURC,3.81486604399218
2025-09-25,Gauntlet EURC Core,0x2ed10624315b74a78f11FAbedAa1A228c198aEfB,EURC,7.858092166214545
2025-09-26,Gauntlet EURC Core,0x2ed10624315b74a78f11FAbedAa1A228c198aEfB,EURC,5.706653424501616
2025-09-27,Gauntlet EURC Core,0x2ed10624315b74a78f11FAbedAa1A228c198aEfB,EURC,5.8960312048385815
2025-09-28,Gauntlet EURC Core,0x2ed10624315b74a78f11FAbedAa1A228c198aEfB,EURC,5.383471485065819
2025-09-29,Gauntlet EURC Core,0x2ed10624315b74a78f11FAbedAa1A228c198aEfB,EURC,5.441662806958177
2025-09-30,Gauntlet EURC Core,0x2ed10624315b74a78f11FAbedAa1A228c198aEfB,EURC,5.172532794685116
2025-10-01,Gauntlet EURC Core,0x2ed10624315b74a78f11FAbedAa1A228c198aEfB,EURC,5.265044065123405
2025-10-02,Gauntlet EURC Core,0x2ed10624315b74a78f11FAbedAa1A228c198aEfB,EURC,5.412915936144323
2025-10-03,Gauntlet EURC Core,0x2ed10624315b74a78f11FAbedAa1A228c198aEfB,EURC,4.200286336755338
2025-10-04,Gauntlet EURC Core,0x2ed10624315b74a78f11FAbedAa1A228c198aEfB,EURC,3.2350889657948527
2025-10-05,Gauntlet EURC Core,0x2ed10624315b74a78f11FAbedAa1A228c198aEfB,EURC,3.855792680950095
2025-10-06,Gauntlet EURC Core,0x2ed10624315b74a78f11FAbedAa1A228c198aEfB,EURC,3.106956096592761
2025-10-07,Gauntlet EURC Core,0x2ed10624315b74a78f11FAbedAa1A228c198aEfB,EURC,4.566220697107568
2025-10-08,Gauntlet EURC Core,0x2ed10624315b74a78f11FAbedAa1A228c198aEfB,EURC,5.261946058308618
2025-10-09,Gauntlet EURC Core,0x2ed10624315b74a78f11FAbedAa1A228c198aEfB,EURC,4.468463657452438
2025-10-10,Gauntlet EURC Core,0x2ed10624315b74a78f11FAbedAa1A228c198aEfB,EURC,4.316303786090193
2025-10-11,Gauntlet EURC Core,0x2ed10624315b74a78f11FAbedAa1A228c198aEfB,EURC,4.476952050521234
2025-10-12,Gauntlet EURC Core,0x2ed10624315b74a78f11FAbedAa1A228c198aEfB,EURC,4.0812586585165604
2025-10-13,Gauntlet EURC Core,0x2ed10624315b74a78f11FAbedAa1A228c198aEfB,EURC,4.738409566978413
2025-10-14,Gauntlet EURC Core,0x2ed10624315b74a78f11FAbedAa1A228c198aEfB,EURC,6.00847898549315
2025-10-15,Gauntlet EURC Core,0x2ed10624315b74a78f11FAbedAa1A228c198aEfB,EURC,4.5583250774350015
2025-10-16,Gauntlet EURC Core,0x2ed10624315b74a78f11FAbedAa1A228c198aEfB,EURC,4.643966826268572
2025-10-17,Gauntlet EURC Core,0x2ed10624315b74a78f11FAbedAa1A228c198aEfB,EURC,4.742946547271955
2025-10-18,Gauntlet EURC Core,0x2ed10624315b74a78f11FAbedAa1A228c198aEfB,EURC,5.364636932487021
2025-10-19,Gauntlet EURC Core,0x2ed10624315b74a78f11FAbedAa1A228c198aEfB,EURC,4.212596709628077
2025-10-20,Gauntlet EURC Core,0x2ed10624315b74a78f11FAbedAa1A228c198aEfB,EURC,3.798061690960566
2025-10-21,Gauntlet EURC Core,0x2ed10624315b74a78f11FAbedAa1A228c198aEfB,EURC,12.429030291344356
2025-10-22,Gauntlet EURC Core,0x2ed10624315b74a78f11FAbedAa1A228c198aEfB,EURC,2.9782055362501625
2025-10-23,Gauntlet EURC Core,0x2ed10624315b74a78f11FAbedAa1A228c198aEfB,EURC,2.8523547579588486
2025-10-24,Gauntlet EURC Core,0x2ed10624315b74a78f11FAbedAa1A228c198aEfB,EURC,2.7948174978285727
2025-10-25,Gauntlet EURC Core,0x2ed10624315b74a78f11FAbedAa1A228c198aEfB,EURC,3.134199247086398
2025-10-26,Gauntlet EURC Core,0x2ed10624315b74a78f11FAbedAa1A228c198aEfB,EURC,3.0167009652136776
2025-10-27,Gauntlet EURC Core,0x2ed10624315b74a78f11FAbedAa1A228c198aEfB,EURC,3.0640703313783826
2025-10-28,Gauntlet EURC Core,0x2ed10624315b74a78f11FAbedAa1A228c198aEfB,EURC,3.185260405268486
2025-10-29,Gauntlet EURC Core,0x2ed10624315b74a78f11FAbedAa1A228c198aEfB,EURC,2.9325751874188604
2025-10-30,Gauntlet EURC Core,0x2ed10624315b74a78f11FAbedAa1A228c198aEfB,EURC,7.356201064886625
2025-09-16,kpk EURC Yield,0x0c6aec603d48eBf1cECc7b247a2c3DA08b398DC1,EURC,0.0
2025-09-17,kpk EURC Yield,0x0c6aec603d48eBf1cECc7b247a2c3DA08b398DC1,EURC,6.78999834626094
2025-09-18,kpk EURC Yield,0x0c6aec603d48eBf1cECc7b247a2c3DA08b398DC1,EURC,8.161191812688868
2025-09-19,kpk EURC Yield,0x0c6aec603d48eBf1cECc7b247a2c3DA08b398DC1,EURC,7.804862083342187
2025-09-20,kpk EURC Yield,0x0c6aec603d48eBf1cECc7b247a2c3DA08b398DC1,EURC,7.842517885142839
2025-09-21,kpk EURC Yield,0x0c6aec603d48eBf1cECc7b247a2c3DA08b398DC1,EURC,10.427208211167253
2025-09-22,kpk EURC Yield,0x0c6aec603d48eBf1cECc7b247a2c3DA08b398DC1,EURC,8.667302093451463
2025-09-23,kpk EURC Yield,0x0c6aec603d48eBf1cECc7b247a2c3DA08b398DC1,EURC,17.907155515048522
2025-09-24,kpk EURC Yield,0x0c6aec603d48eBf1cECc7b247a2c3DA08b398DC1,EURC,7.440993444535798
2025-09-25,kpk EURC Yield,0x0c6aec603d48eBf1cECc7b247a2c3DA08b398DC1,EURC,9.374066621951629
2025-09-26,kpk EURC Yield,0x0c6aec603d48eBf1cECc7b247a2c3DA08b398DC1,EURC,7.086072531252458
2025-09-27,kpk EURC Yield,0x0c6aec603d48eBf1cECc7b247a2c3DA08b398DC1,EURC,7.5143942027469555
2025-09-28,kpk EURC Yield,0x0c6aec603d48eBf1cECc7b247a2c3DA08b398DC1,EURC,5.920273529286569
2025-09-29,kpk EURC Yield,0x0c6aec603d48eBf1cECc7b247a2c3DA08b398DC1,EURC,5.919313685493765
2025-09-30,kpk EURC Yield,0x0c6aec603d48eBf1cECc7b247a2c3DA08b398DC1,EURC,5.725818347041295
2025-10-01,kpk EURC Yield,0x0c6aec603d48eBf1cECc7b247a2c3DA08b398DC1,EURC,5.795488535726513
2025-10-02,kpk EURC Yield,0x0c6aec603d48eBf1cECc7b247a2c3DA08b398DC1,EURC,6.154333429785039
2025-10-03,kpk EURC Yield,0x0c6aec603d48eBf1cECc7b247a2c3DA08b398DC1,EURC,5.553278081860636
2025-10-04,kpk EURC Yield,0x0c6aec603d48eBf1cECc7b247a2c3DA08b398DC1,EURC,5.407285736471354
2025-10-05,kpk EURC Yield,0x0c6aec603d48eBf1cECc7b247a2c3DA08b398DC1,EURC,5.952991786009097
2025-10-06,kpk EURC Yield,0x0c6aec603d48eBf1cECc7b247a2c3DA08b398DC1,EURC,3.994597032860256
2025-10-07,kpk EURC Yield,0x0c6aec603d48eBf1cECc7b247a2c3DA08b398DC1,EURC,6.129100608728491
2025-10-08,kpk EURC Yield,0x0c6aec603d48eBf1cECc7b247a2c3DA08b398DC1,EURC,10.68469743782031
2025-10-09,kpk EURC Yield,0x0c6aec603d48eBf1cECc7b247a2c3DA08b398DC1,EURC,4.233242092805722
2025-10-10,kpk EURC Yield,0x0c6aec603d48eBf1cECc7b247a2c3DA08b398DC1,EURC,4.7977637848125365
2025-10-11,kpk EURC Yield,0x0c6aec603d48eBf1cECc7b247a2c3DA08b398DC1,EURC,4.489143578008675
2025-10-12,kpk EURC Yield,0x0c6aec603d48eBf1cECc7b247a2c3DA08b398DC1,EURC,4.411190709217944
2025-10-13,kpk EURC Yield,0x0c6aec603d48eBf1cECc7b247a2c3DA08b398DC1,EURC,4.6957017050638745
2025-10-14,kpk EURC Yield,0x0c6aec603d48eBf1cECc7b247a2c3DA08b398DC1,EURC,5.534443529307259
2025-10-15,kpk EURC Yield,0x0c6aec603d48eBf1cECc7b247a2c3DA08b398DC1,EURC,4.882539321727722
2025-10-16,kpk EURC Yield,0x0c6aec603d48eBf1cECc7b247a2c3DA08b398DC1,EURC,5.012971203129731
2025-10-17,kpk EURC Yield,0x0c6aec603d48eBf1cECc7b247a2c3DA08b398DC1,EURC,5.312768764773608
2025-10-18,kpk EURC Yield,0x0c6aec603d48eBf1cECc7b247a2c3DA08b398DC1,EURC,5.078067994429862
2025-10-19,kpk EURC Yield,0x0c6aec603d48eBf1cECc7b247a2c3DA08b398DC1,EURC,4.378194878992423
2025-10-20,kpk EURC Yield,0x0c6aec603d48eBf1cECc7b247a2c3DA08b398DC1,EURC,4.010692703691894
2025-10-21,kpk EURC Yield,0x0c6aec603d48eBf1cECc7b247a2c3DA08b398DC1,EURC,12.910878054133642
2025-10-22,kpk EURC Yield,0x0c6aec603d48eBf1cECc7b247a2c3DA08b398DC1,EURC,3.0534872602182683
2025-10-23,kpk EURC Yield,0x0c6aec603d48eBf1cECc7b247a2c3DA08b398DC1,EURC,2.9615525871142485
2025-10-24,kpk EURC Yield,0x0c6aec603d48eBf1cECc7b247a2c3DA08b398DC1,EURC,3.2192744654855594
2025-10-25,kpk EURC Yield,0x0c6aec603d48eBf1cECc7b247a2c3DA08b398DC1,EURC,3.283721284910496
2025-10-26,kpk EURC Yield,0x0c6aec603d48eBf1cECc7b247a2c3DA08b398DC1,EURC,3.4216786833121304
2025-10-27,kpk EURC Yield,0x0c6aec603d48eBf1cECc7b247a2c3DA08b398DC1,EURC,3.3219195811678697
2025-10-28,kpk EURC Yield,0x0c6aec603d48eBf1cECc7b247a2c3DA08b398DC1,EURC,3.5356923111456
2025-10-29,kpk EURC Yield,0x0c6aec603d48eBf1cECc7b247a2c3DA08b398DC1,EURC,3.3055279082043114
2025-10-30,kpk EURC Yield,0x0c6aec603d48eBf1cECc7b247a2c3DA08b398DC1,EURC,4.034512414343872
2025-09-01,Gauntlet USDC Prime,0xdd0f28e19C1780eb6396170735D45153D261490d,USDC,3.272420136457501
2025-09-02,Gauntlet USDC Prime,0xdd0f28e19C1780eb6396170735D45153D261490d,USDC,3.763089727449381
2025-09-03,Gauntlet USDC Prime,0xdd0f28e19C1780eb6396170735D45153D261490d,USDC,3.9980989909660583
2025-09-04,Gauntlet USDC Prime,0xdd0f28e19C1780eb6396170735D45153D261490d,USDC,4.057527613649518
2025-09-05,Gauntlet USDC Prime,0xdd0f28e19C1780eb6396170735D45153D261490d,USDC,4.655402450744439
2025-09-06,Gauntlet USDC Prime,0xdd0f28e19C1780eb6396170735D45153D261490d,USDC,6.063440628311387
2025-09-07,Gauntlet USDC Prime,0xdd0f28e19C1780eb6396170735D45153D261490d,USDC,5.122605415728845
2025-09-08,Gauntlet USDC Prime,0xdd0f28e19C1780eb6396170735D45153D261490d,USDC,4.6162763062851635
2025-09-09,Gauntlet USDC Prime,0xdd0f28e19C1780eb6396170735D45153D261490d,USDC,5.941629643323657
2025-09-10,Gauntlet USDC Prime,0xdd0f28e19C1780eb6396170735D45153D261490d,USDC,3.727531532967273
2025-09-11,Gauntlet USDC Prime,0xdd0f28e19C1780eb6396170735D45153D261490d,USDC,3.7906738824569945
2025-09-12,Gauntlet USDC Prime,0xdd0f28e19C1780eb6396170735D45153D261490d,USDC,3.812625043764861
2025-09-13,Gauntlet USDC Prime,0xdd0f28e19C1780eb6396170735D45153D261490d,USDC,4.835348910644044
2025-09-14,Gauntlet USDC Prime,0xdd0f28e19C1780eb6396170735D45153D261490d,USDC,4.6994546746242465
2025-09-15,Gauntlet USDC Prime,0xdd0f28e19C1780eb6396170735D45153D261490d,USDC,4.653896471279614
2025-09-16,Gauntlet USDC Prime,0xdd0f28e19C1780eb6396170735D45153D261490d,USDC,4.057758446518908
2025-09-17,Gauntlet USDC Prime,0xdd0f28e19C1780eb6396170735D45153D261490d,USDC,4.993018670870144
2025-09-18,Gauntlet USDC Prime,0xdd0f28e19C1780eb6396170735D45153D261490d,USDC,4.386789889045682
2025-09-19,Gauntlet USDC Prime,0xdd0f28e19C1780eb6396170735D45153D261490d,USDC,5.993158325112506
2025-09-20,Gauntlet USDC Prime,0xdd0f28e19C1780eb6396170735D45153D261490d,USDC,6.083515391655705
2025-09-21,Gauntlet USDC Prime,0xdd0f28e19C1780eb6396170735D45153D261490d,USDC,5.755639568838523
2025-09-22,Gauntlet USDC Prime,0xdd0f28e19C1780eb6396170735D45153D261490d,USDC,5.471516982055027
2025-09-23,Gauntlet USDC Prime,0xdd0f28e19C1780eb6396170735D45153D261490d,USDC,5.177369072206691
2025-09-24,Gauntlet USDC Prime,0xdd0f28e19C1780eb6396170735D45153D261490d,USDC,6.63570176345921
2025-09-25,Gauntlet USDC Prime,0xdd0f28e19C1780eb6396170735D45153D261490d,USDC,4.241893917767241
2025-09-26,Gauntlet USDC Prime,0xdd0f28e19C1780eb6396170735D45153D261490d,USDC,4.116583383985517
2025-09-27,Gauntlet USDC Prime,0xdd0f28e19C1780eb6396170735D45153D261490d,USDC,4.274096147269193
2025-09-28,Gauntlet USDC Prime,0xdd0f28e19C1780eb6396170735D45153D261490d,USDC,4.18544686786612
2025-09-29,Gauntlet USDC Prime,0xdd0f28e19C1780eb6396170735D45153D261490d,USDC,3.5781076573615693
2025-09-30,Gauntlet USDC Prime,0xdd0f28e19C1780eb6396170735D45153D261490d,USDC,2.7174758460870496
2025-10-01,Gauntlet USDC Prime,0xdd0f28e19C1780eb6396170735D45153D261490d,USDC,4.005819862021126
2025-10-02,Gauntlet USDC Prime,0xdd0f28e19C1780eb6396170735D45153D261490d,USDC,4.342484661197304
2025-10-03,Gauntlet USDC Prime,0xdd0f28e19C1780eb6396170735D45153D261490d,USDC,6.797833754497255
2025-10-04,Gauntlet USDC Prime,0xdd0f28e19C1780eb6396170735D45153D261490d,USDC,6.901851083266765
2025-10-05,Gauntlet USDC Prime,0xdd0f28e19C1780eb6396170735D45153D261490d,USDC,5.778778017274961
2025-10-06,Gauntlet USDC Prime,0xdd0f28e19C1780eb6396170735D45153D261490d,USDC,5.578517555998464
2025-10-07,Gauntlet USDC Prime,0xdd0f28e19C1780eb6396170735D45153D261490d,USDC,5.479148448555384
2025-10-08,Gauntlet USDC Prime,0xdd0f28e19C1780eb6396170735D45153D261490d,USDC,5.6695097981058495
2025-10-09,Gauntlet USDC Prime,0xdd0f28e19C1780eb6396170735D45153D261490d,USDC,4.71391930385377
2025-10-10,Gauntlet USDC Prime,0xdd0f28e19C1780eb6396170735D45153D261490d,USDC,5.175069642098328
2025-10-11,Gauntlet USDC Prime,0xdd0f28e19C1780eb6396170735D45153D261490d,USDC,5.317244921471318
2025-10-12,Gauntlet USDC Prime,0xdd0f28e19C1780eb6396170735D45153D261490d,USDC,4.662661095372255
2025-10-13,Gauntlet USDC Prime,0xdd0f28e19C1780eb6396170735D45153D261490d,USDC,4.465781293809023
2025-10-14,Gauntlet USDC Prime,0xdd0f28e19C1780eb6396170735D45153D261490d,USDC,4.379208847085046
2025-10-15,Gauntlet USDC Prime,0xdd0f28e19C1780eb6396170735D45153D261490d,USDC,4.437615983604027
2025-10-16,Gauntlet USDC Prime,0xdd0f28e19C1780eb6396170735D45153D261490d,USDC,4.277439763940985
2025-10-17,Gauntlet USDC Prime,0xdd0f28e19C1780eb6396170735D45153D261490d,USDC,4.165469885144194
2025-10-18,Gauntlet USDC Prime,0xdd0f28e19C1780eb6396170735D45153D261490d,USDC,4.076793890330409
2025-10-19,Gauntlet USDC Prime,0xdd0f28e19C1780eb6396170735D45153D261490d,USDC,3.9679112612688887
2025-10-20,Gauntlet USDC Prime,0xdd0f28e19C1780eb6396170735D45153D261490d,USDC,3.871346086495038
2025-10-21,Gauntlet USDC Prime,0xdd0f28e19C1780eb6396170735D45153D261490d,USDC,3.850032576707891
2025-10-22,Gauntlet USDC Prime,0xdd0f28e19C1780eb6396170735D45153D261490d,USDC,3.7860078684838743
2025-10-23,Gauntlet USDC Prime,0xdd0f28e19C1780eb6396170735D45153D261490d,USDC,3.70332072451669
2025-10-24,Gauntlet USDC Prime,0xdd0f28e19C1780eb6396170735D45153D261490d,USDC,3.851212462897392
2025-10-25,Gauntlet USDC Prime,0xdd0f28e19C1780eb6396170735D45153D261490d,USDC,4.120085271344064
2025-10-26,Gauntlet USDC Prime,0xdd0f28e19C1780eb6396170735D45153D261490d,USDC,4.028600087352562
2025-10-27,Gauntlet USDC Prime,0xdd0f28e19C1780eb6396170735D45153D261490d,USDC,4.026924294182425
2025-10-28,Gauntlet USDC Prime,0xdd0f28e19C1780eb6396170735D45153D261490d,USDC,4.4152559332463115
2025-10-29,Gauntlet USDC Prime,0xdd0f28e19C1780eb6396170735D45153D261490d,USDC,4.311519207687234
2025-10-30,Gauntlet USDC Prime,0xdd0f28e19C1780eb6396170735D45153D261490d,USDC,4.121696621353031
2025-09-01,Smokehouse USDC,0xBEeFFF209270748ddd194831b3fa287a5386f5bC,USDC,7.757195314647331
2025-09-02,Smokehouse USDC,0xBEeFFF209270748ddd194831b3fa287a5386f5bC,USDC,8.282894212443173
2025-09-03,Smokehouse USDC,0xBEeFFF209270748ddd194831b3fa287a5386f5bC,USDC,7.998666460584704
2025-09-04,Smokehouse USDC,0xBEeFFF209270748ddd194831b3fa287a5386f5bC,USDC,9.042447639614938
2025-09-05,Smokehouse USDC,0xBEeFFF209270748ddd194831b3fa287a5386f5bC,USDC,9.642669600841849
2025-09-06,Smokehouse USDC,0xBEeFFF209270748ddd194831b3fa287a5386f5bC,USDC,9.166723724608094
2025-09-07,Smokehouse USDC,0xBEeFFF209270748ddd194831b3fa287a5386f5bC,USDC,8.943047353301438
2025-09-08,Smokehouse USDC,0xBEeFFF209270748ddd194831b3fa287a5386f5bC,USDC,9.0335665788783
2025-09-09,Smokehouse USDC,0xBEeFFF209270748ddd194831b3fa287a5386f5bC,USDC,9.09357369649491
2025-09-10,Smokehouse USDC,0xBEeFFF209270748ddd194831b3fa287a5386f5bC,USDC,9.987895445327814
2025-09-11,Smokehouse USDC,0xBEeFFF209270748ddd194831b3fa287a5386f5bC,USDC,8.4281329121696
2025-09-12,Smokehouse USDC,0xBEeFFF209270748ddd194831b3fa287a5386f5bC,USDC,8.706279693629735
2025-09-13,Smokehouse USDC,0xBEeFFF209270748ddd194831b3fa287a5386f5bC,USDC,8.520456711366501
2025-09-14,Smokehouse USDC,0xBEeFFF209270748ddd194831b3fa287a5386f5bC,USDC,7.654445298143948
2025-09-15,Smokehouse USDC,0xBEeFFF209270748ddd194831b3fa287a5386f5bC,USDC,7.635708214521183
2025-09-16,Smokehouse USDC,0xBEeFFF209270748ddd194831b3fa287a5386f5bC,USDC,7.6034049753979644
2025-09-17,Smokehouse USDC,0xBEeFFF209270748ddd194831b3fa287a5386f5bC,USDC,8.610178421900256
2025-09-18,Smokehouse USDC,0xBEeFFF209270748ddd194831b3fa287a5386f5bC,USDC,8.191759565764846
2025-09-19,Smokehouse USDC,0xBEeFFF209270748ddd194831b3fa287a5386f5bC,USDC,8.911523401173348
2025-09-20,Smokehouse USDC,0xBEeFFF209270748ddd194831b3fa287a5386f5bC,USDC,8.062913938066057
2025-09-21,Smokehouse USDC,0xBEeFFF209270748ddd194831b3fa287a5386f5bC,USDC,7.661869306287397
2025-09-22,Smokehouse USDC,0xBEeFFF209270748ddd194831b3fa287a5386f5bC,USDC,7.6604500838987875
2025-09-23,Smokehouse USDC,0xBEeFFF209270748ddd194831b3fa287a5386f5bC,USDC,7.3595166646827614
2025-09-24,Smokehouse USDC,0xBEeFFF209270748ddd194831b3fa287a5386f5bC,USDC,7.109010148568245
2025-09-25,Smokehouse USDC,0xBEeFFF209270748ddd194831b3fa287a5386f5bC,USDC,6.14663745437478
2025-09-26,Smokehouse USDC,0xBEeFFF209270748ddd194831b3fa287a5386f5bC,USDC,5.995574852881424
2025-09-27,Smokehouse USDC,0xBEeFFF209270748ddd194831b3fa287a5386f5bC,USDC,6.67041711887811
2025-09-28,Smokehouse USDC,0xBEeFFF209270748ddd194831b3fa287a5386f5bC,USDC,6.211247587950353
2025-09-29,Smokehouse USDC,0xBEeFFF209270748ddd194831b3fa287a5386f5bC,USDC,6.043005065080209
2025-09-30,Smokehouse USDC,0xBEeFFF209270748ddd194831b3fa287a5386f5bC,USDC,6.439238033278395
2025-10-01,Smokehouse USDC,0xBEeFFF209270748ddd194831b3fa287a5386f5bC,USDC,6.754624423714746
2025-10-02,Smokehouse USDC,0xBEeFFF209270748ddd194831b3fa287a5386f5bC,USDC,6.627482076931788
2025-10-03,Smokehouse USDC,0xBEeFFF209270748ddd194831b3fa287a5386f5bC,USDC,7.997097601055214
2025-10-04,Smokehouse USDC,0xBEeFFF209270748ddd194831b3fa287a5386f5bC,USDC,6.970249940239248
2025-10-05,Smokehouse USDC,0xBEeFFF209270748ddd194831b3fa287a5386f5bC,USDC,6.476671460585316
2025-10-06,Smokehouse USDC,0xBEeFFF209270748ddd194831b3fa287a5386f5bC,USDC,6.734015180986598
2025-10-07,Smokehouse USDC,0xBEeFFF209270748ddd194831b3fa287a5386f5bC,USDC,6.120552989065443
2025-10-08,Smokehouse USDC,0xBEeFFF209270748ddd194831b3fa287a5386f5bC,USDC,6.434107970764495
2025-10-09,Smokehouse USDC,0xBEeFFF209270748ddd194831b3fa287a5386f5bC,USDC,6.6442790599098105
2025-10-10,Smokehouse USDC,0xBEeFFF209270748ddd194831b3fa287a5386f5bC,USDC,6.347449097799086
2025-10-11,Smokehouse USDC,0xBEeFFF209270748ddd194831b3fa287a5386f5bC,USDC,6.8493943635714105
2025-10-12,Smokehouse USDC,0xBEeFFF209270748ddd194831b3fa287a5386f5bC,USDC,6.771757447576328
2025-10-13,Smokehouse USDC,0xBEeFFF209270748ddd194831b3fa287a5386f5bC,USDC,6.362527470167659
2025-10-14,Smokehouse USDC,0xBEeFFF209270748ddd194831b3fa287a5386f5bC,USDC,6.236232562717928
2025-10-15,Smokehouse USDC,0xBEeFFF209270748ddd194831b3fa287a5386f5bC,USDC,6.132609365366394
2025-10-16,Smokehouse USDC,0xBEeFFF209270748ddd194831b3fa287a5386f5bC,USDC,6.419417088380876
2025-10-17,Smokehouse USDC,0xBEeFFF209270748ddd194831b3fa287a5386f5bC,USDC,6.119588123261279
2025-10-18,Smokehouse USDC,0xBEeFFF209270748ddd194831b3fa287a5386f5bC,USDC,5.888955420572118
2025-10-19,Smokehouse USDC,0xBEeFFF209270748ddd194831b3fa287a5386f5bC,USDC,5.534320732620973
2025-10-20,Smokehouse USDC,0xBEeFFF209270748ddd194831b3fa287a5386f5bC,USDC,5.4513475737826305
2025-10-21,Smokehouse USDC,0xBEeFFF209270748ddd194831b3fa287a5386f5bC,USDC,5.21883559174024
2025-10-22,Smokehouse USDC,0xBEeFFF209270748ddd194831b3fa287a5386f5bC,USDC,5.302681641629733
2025-10-23,Smokehouse USDC,0xBEeFFF209270748ddd194831b3fa287a5386f5bC,USDC,5.461242753851784
2025-10-24,Smokehouse USDC,0xBEeFFF209270748ddd194831b3fa287a5386f5bC,USDC,5.68068401935641
2025-10-25,Smokehouse USDC,0xBEeFFF209270748ddd194831b3fa287a5386f5bC,USDC,5.519592390250114
2025-10-26,Smokehouse USDC,0xBEeFFF209270748ddd194831b3fa287a5386f5bC,USDC,5.6357445961420485
2025-10-27,Smokehouse USDC,0xBEeFFF209270748ddd194831b3fa287a5386f5bC,USDC,5.643571202223196
2025-10-28,Smokehouse USDC,0xBEeFFF209270748ddd194831b3fa287a5386f5bC,USDC,7.925787505298788
2025-10-29,Smokehouse USDC,0xBEeFFF209270748ddd194831b3fa287a5386f5bC,USDC,7.921849490042554
2025-10-30,Smokehouse USDC,0xBEeFFF209270748ddd194831b3fa287a5386f5bC,USDC,7.3849545993718895
2025-09-01,Steakhouse USDC,0xBEEF01735c132Ada46AA9aA4c54623cAA92A64CB,USDC,3.274623683676449
2025-09-02,Steakhouse USDC,0xBEEF01735c132Ada46AA9aA4c54623cAA92A64CB,USDC,3.77483445055035
2025-09-03,Steakhouse USDC,0xBEEF01735c132Ada46AA9aA4c54623cAA92A64CB,USDC,3.988156184044696
2025-09-04,Steakhouse USDC,0xBEEF01735c132Ada46AA9aA4c54623cAA92A64CB,USDC,4.010237717199943
2025-09-05,Steakhouse USDC,0xBEEF01735c132Ada46AA9aA4c54623cAA92A64CB,USDC,4.6721961852245535
2025-09-06,Steakhouse USDC,0xBEEF01735c132Ada46AA9aA4c54623cAA92A64CB,USDC,6.005192074375005
2025-09-07,Steakhouse USDC,0xBEEF01735c132Ada46AA9aA4c54623cAA92A64CB,USDC,5.1241227825197795
2025-09-08,Steakhouse USDC,0xBEEF01735c132Ada46AA9aA4c54623cAA92A64CB,USDC,4.584658092836491
2025-09-09,Steakhouse USDC,0xBEEF01735c132Ada46AA9aA4c54623cAA92A64CB,USDC,5.8921447000410225
2025-09-10,Steakhouse USDC,0xBEEF01735c132Ada46AA9aA4c54623cAA92A64CB,USDC,3.653258852427868
2025-09-11,Steakhouse USDC,0xBEEF01735c132Ada46AA9aA4c54623cAA92A64CB,USDC,3.7958901901544455
2025-09-12,Steakhouse USDC,0xBEEF01735c132Ada46AA9aA4c54623cAA92A64CB,USDC,3.837723244586156
2025-09-13,Steakhouse USDC,0xBEEF01735c132Ada46AA9aA4c54623cAA92A64CB,USDC,4.828121073621324
2025-09-14,Steakhouse USDC,0xBEEF01735c132Ada46AA9aA4c54623cAA92A64CB,USDC,4.6969285918241175
2025-09-15,Steakhouse USDC,0xBEEF01735c132Ada46AA9aA4c54623cAA92A64CB,USDC,4.634571211011977
2025-09-16,Steakhouse USDC,0xBEEF01735c132Ada46AA9aA4c54623cAA92A64CB,USDC,4.041957341014667
2025-09-17,Steakhouse USDC,0xBEEF01735c132Ada46AA9aA4c54623cAA92A64CB,USDC,4.938071329024588
2025-09-18,Steakhouse USDC,0xBEEF01735c132Ada46AA9aA4c54623cAA92A64CB,USDC,4.375909103659276
2025-09-19,Steakhouse USDC,0xBEEF01735c132Ada46AA9aA4c54623cAA92A64CB,USDC,5.954571339582283
2025-09-20,Steakhouse USDC,0xBEEF01735c132Ada46AA9aA4c54623cAA92A64CB,USDC,6.076962531486136
2025-09-21,Steakhouse USDC,0xBEEF01735c132Ada46AA9aA4c54623cAA92A64CB,USDC,5.75655989893441
2025-09-22,Steakhouse USDC,0xBEEF01735c132Ada46AA9aA4c54623cAA92A64CB,USDC,5.485106195085923
2025-09-23,Steakhouse USDC,0xBEEF01735c132Ada46AA9aA4c54623cAA92A64CB,USDC,5.174304659708205
2025-09-24,Steakhouse USDC,0xBEEF01735c132Ada46AA9aA4c54623cAA92A64CB,USDC,6.625758420105406
2025-09-25,Steakhouse USDC,0xBEEF01735c132Ada46AA9aA4c54623cAA92A64CB,USDC,4.2709429588118075
2025-09-26,Steakhouse USDC,0xBEEF01735c132Ada46AA9aA4c54623cAA92A64CB,USDC,4.081624829433314
2025-09-27,Steakhouse USDC,0xBEEF01735c132Ada46AA9aA4c54623cAA92A64CB,USDC,4.239273544943809
2025-09-28,Steakhouse USDC,0xBEEF01735c132Ada46AA9aA4c54623cAA92A64CB,USDC,4.193850280260971
2025-09-29,Steakhouse USDC,0xBEEF01735c132Ada46AA9aA4c54623cAA92A64CB,USDC,3.579494797421088
2025-09-30,Steakhouse USDC,0xBEEF01735c132Ada46AA9aA4c54623cAA92A64CB,USDC,2.7294036187492794
2025-10-01,Steakhouse USDC,0xBEEF01735c132Ada46AA9aA4c54623cAA92A64CB,USDC,3.9663616331134377
2025-10-02,Steakhouse USDC,0xBEEF01735c132Ada46AA9aA4c54623cAA92A64CB,USDC,4.344475917830137
2025-10-03,Steakhouse USDC,0xBEEF01735c132Ada46AA9aA4c54623cAA92A64CB,USDC,6.7395931476975175
2025-10-04,Steakhouse USDC,0xBEEF01735c132Ada46AA9aA4c54623cAA92A64CB,USDC,6.809685706167462
2025-10-05,Steakhouse USDC,0xBEEF01735c132Ada46AA9aA4c54623cAA92A64CB,USDC,5.701284443965897
2025-10-06,Steakhouse USDC,0xBEEF01735c132Ada46AA9aA4c54623cAA92A64CB,USDC,5.520532630644971
2025-10-07,Steakhouse USDC,0xBEEF01735c132Ada46AA9aA4c54623cAA92A64CB,USDC,5.451073149155056
2025-10-08,Steakhouse USDC,0xBEEF01735c132Ada46AA9aA4c54623cAA92A64CB,USDC,5.67368805569197
2025-10-09,Steakhouse USDC,0xBEEF01735c132Ada46AA9aA4c54623cAA92A64CB,USDC,4.697468622627431
2025-10-10,Steakhouse USDC,0xBEEF01735c132Ada46AA9aA4c54623cAA92A64CB,USDC,5.135338439397908
2025-10-11,Steakhouse USDC,0xBEEF01735c132Ada46AA9aA4c54623cAA92A64CB,USDC,5.455927684097206
2025-10-12,Steakhouse USDC,0xBEEF01735c132Ada46AA9aA4c54623cAA92A64CB,USDC,4.635080947029636
2025-10-13,Steakhouse USDC,0xBEEF01735c132Ada46AA9aA4c54623cAA92A64CB,USDC,4.323066470873157
2025-10-14,Steakhouse USDC,0xBEEF01735c132Ada46AA9aA4c54623cAA92A64CB,USDC,4.413354846307566
2025-10-15,Steakhouse USDC,0xBEEF01735c132Ada46AA9aA4c54623cAA92A64CB,USDC,4.369492104550782
2025-10-16,Steakhouse USDC,0xBEEF01735c132Ada46AA9aA4c54623cAA92A64CB,USDC,4.208139121381136
2025-10-17,Steakhouse USDC,0xBEEF01735c132Ada46AA9aA4c54623cAA92A64CB,USDC,4.169903019715716
2025-10-18,Steakhouse USDC,0xBEEF01735c132Ada46AA9aA4c54623cAA92A64CB,USDC,3.981019405179302
2025-10-19,Steakhouse USDC,0xBEEF01735c132Ada46AA9aA4c54623cAA92A64CB,USDC,3.924482931701123
2025-10-20,Steakhouse USDC,0xBEEF01735c132Ada46AA9aA4c54623cAA92A64CB,USDC,3.863283706893897
2025-10-21,Steakhouse USDC,0xBEEF01735c132Ada46AA9aA4c54623cAA92A64CB,USDC,3.772316945829711
2025-10-22,Steakhouse USDC,0xBEEF01735c132Ada46AA9aA4c54623cAA92A64CB,USDC,3.6947400847090783
2025-10-23,Steakhouse USDC,0xBEEF01735c132Ada46AA9aA4c54623cAA92A64CB,USDC,3.67935718354382
2025-10-24,Steakhouse USDC,0xBEEF01735c132Ada46AA9aA4c54623cAA92A64CB,USDC,3.878147816915036
2025-10-25,Steakhouse USDC,0xBEEF01735c132Ada46AA9aA4c54623cAA92A64CB,USDC,4.125975397032274
2025-10-26,Steakhouse USDC,0xBEEF01735c132Ada46AA9aA4c54623cAA92A64CB,USDC,4.025679376464489
2025-10-27,Steakhouse USDC,0xBEEF01735c132Ada46AA9aA4c54623cAA92A64CB,USDC,4.077991538202359
2025-10-28,Steakhouse USDC,0xBEEF01735c132Ada46AA9aA4c54623cAA92A64CB,USDC,4.404015258484659
2025-10-29,Steakhouse USDC,0xBEEF01735c132Ada46AA9aA4c54623cAA92A64CB,USDC,4.288487538085478
2025-10-30,Steakhouse USDC,0xBEEF01735c132Ada46AA9aA4c54623cAA92A64CB,USDC,4.0685712378803025
2025-09-16,kpk USDC Prime,0xe108fbc04852B5df72f9E44d7C29F47e7A993aDd,USDC,0.0
2025-09-17,kpk USDC Prime,0xe108fbc04852B5df72f9E44d7C29F47e7A993aDd,USDC,8.202197140340088
2025-09-18,kpk USDC Prime,0xe108fbc04852B5df72f9E44d7C29F47e7A993aDd,USDC,9.311334903498397
2025-09-19,kpk USDC Prime,0xe108fbc04852B5df72f9E44d7C29F47e7A993aDd,USDC,10.109263262179176
2025-09-20,kpk USDC Prime,0xe108fbc04852B5df72f9E44d7C29F47e7A993aDd,USDC,8.71014924066192
2025-09-21,kpk USDC Prime,0xe108fbc04852B5df72f9E44d7C29F47e7A993aDd,USDC,8.906410632814332
2025-09-22,kpk USDC Prime,0xe108fbc04852B5df72f9E44d7C29F47e7A993aDd,USDC,7.602173813812982
2025-09-23,kpk USDC Prime,0xe108fbc04852B5df72f9E44d7C29F47e7A993aDd,USDC,7.365576354116361
2025-09-24,kpk USDC Prime,0xe108fbc04852B5df72f9E44d7C29F47e7A993aDd,USDC,7.481509938354501
2025-09-25,kpk USDC Prime,0xe108fbc04852B5df72f9E44d7C29F47e7A993aDd,USDC,6.505591132528603
2025-09-26,kpk USDC Prime,0xe108fbc04852B5df72f9E44d7C29F47e7A993aDd,USDC,5.847006717778837
2025-09-27,kpk USDC Prime,0xe108fbc04852B5df72f9E44d7C29F47e7A993aDd,USDC,7.477432325151955
2025-09-28,kpk USDC Prime,0xe108fbc04852B5df72f9E44d7C29F47e7A993aDd,USDC,7.085304580986444
2025-09-29,kpk USDC Prime,0xe108fbc04852B5df72f9E44d7C29F47e7A993aDd,USDC,6.8892017349409045
2025-09-30,kpk USDC Prime,0xe108fbc04852B5df72f9E44d7C29F47e7A993aDd,USDC,7.199576396271396
2025-10-01,kpk USDC Prime,0xe108fbc04852B5df72f9E44d7C29F47e7A993aDd,USDC,7.276201307124394
2025-10-02,kpk USDC Prime,0xe108fbc04852B5df72f9E44d7C29F47e7A993aDd,USDC,7.001900867592139
2025-10-03,kpk USDC Prime,0xe108fbc04852B5df72f9E44d7C29F47e7A993aDd,USDC,7.30407242250112
2025-10-04,kpk USDC Prime,0xe108fbc04852B5df72f9E44d7C29F47e7A993aDd,USDC,7.353268867604875
2025-10-05,kpk USDC Prime,0xe108fbc04852B5df72f9E44d7C29F47e7A993aDd,USDC,6.347693952334443
2025-10-06,kpk USDC Prime,0xe108fbc04852B5df72f9E44d7C29F47e7A993aDd,USDC,6.361567437253341
2025-10-07,kpk USDC Prime,0xe108fbc04852B5df72f9E44d7C29F47e7A993aDd,USDC,6.5434646476183325
2025-10-08,kpk USDC Prime,0xe108fbc04852B5df72f9E44d7C29F47e7A993aDd,USDC,7.0378753091010475
2025-10-09,kpk USDC Prime,0xe108fbc04852B5df72f9E44d7C29F47e7A993aDd,USDC,7.51232129950496
2025-10-10,kpk USDC Prime,0xe108fbc04852B5df72f9E44d7C29F47e7A993aDd,USDC,7.259492356195552
2025-10-11,kpk USDC Prime,0xe108fbc04852B5df72f9E44d7C29F47e7A993aDd,USDC,6.493062981623072
2025-10-12,kpk USDC Prime,0xe108fbc04852B5df72f9E44d7C29F47e7A993aDd,USDC,7.995313574381201
2025-10-13,kpk USDC Prime,0xe108fbc04852B5df72f9E44d7C29F47e7A993aDd,USDC,7.000076293183704
2025-10-14,kpk USDC Prime,0xe108fbc04852B5df72f9E44d7C29F47e7A993aDd,USDC,6.186953687991766
2025-10-15,kpk USDC Prime,0xe108fbc04852B5df72f9E44d7C29F47e7A993aDd,USDC,5.776207098706595
2025-10-16,kpk USDC Prime,0xe108fbc04852B5df72f9E44d7C29F47e7A993aDd,USDC,6.239749849927642
2025-10-17,kpk USDC Prime,0xe108fbc04852B5df72f9E44d7C29F47e7A993aDd,USDC,5.673666121051108
2025-10-18,kpk USDC Prime,0xe108fbc04852B5df72f9E44d7C29F47e7A993aDd,USDC,6.252505865441345
2025-10-19,kpk USDC Prime,0xe108fbc04852B5df72f9E44d7C29F47e7A993aDd,USDC,5.530782027725405
2025-10-20,kpk USDC Prime,0xe108fbc04852B5df72f9E44d7C29F47e7A993aDd,USDC,5.671456517708496
2025-10-21,kpk USDC Prime,0xe108fbc04852B5df72f9E44d7C29F47e7A993aDd,USDC,4.96594977049559
2025-10-22,kpk USDC Prime,0xe108fbc04852B5df72f9E44d7C29F47e7A993aDd,USDC,4.77121204012153
2025-10-23,kpk USDC Prime,0xe108fbc04852B5df72f9E44d7C29F47e7A993aDd,USDC,4.534489368734432
2025-10-24,kpk USDC Prime,0xe108fbc04852B5df72f9E44d7C29F47e7A993aDd,USDC,4.430552593593521
2025-10-25,kpk USDC Prime,0xe108fbc04852B5df72f9E44d7C29F47e7A993aDd,USDC,4.737097479911061
2025-10-26,kpk USDC Prime,0xe108fbc04852B5df72f9E44d7C29F47e7A993aDd,USDC,4.655368895163979
2025-10-27,kpk USDC Prime,0xe108fbc04852B5df72f9E44d7C29F47e7A993aDd,USDC,4.801843634215354
2025-10-28,kpk USDC Prime,0xe108fbc04852B5df72f9E44d7C29F47e7A993aDd,USDC,5.033132065334201
2025-10-29,kpk USDC Prime,0xe108fbc04852B5df72f9E44d7C29F47e7A993aDd,USDC,5.085888873437171
2025-10-30,kpk USDC Prime,0xe108fbc04852B5df72f9E44d7C29F47e7A993aDd,USDC,5.126437428496726
2025-09-01,Gauntlet WETH Prime,0x2371e134e3455e0593363cBF89d3b6cf53740618,WETH,2.6318536240629724
2025-09-02,Gauntlet WETH Prime,0x2371e134e3455e0593363cBF89d3b6cf53740618,WETH,2.56718015520976
2025-09-03,Gauntlet WETH Prime,0x2371e134e3455e0593363cBF89d3b6cf53740618,WETH,2.1060957499135946
2025-09-04,Gauntlet WETH Prime,0x2371e134e3455e0593363cBF89d3b6cf53740618,WETH,2.077030095696342
2025-09-05,Gauntlet WETH Prime,0x2371e134e3455e0593363cBF89d3b6cf53740618,WETH,2.1225591228072247
2025-09-06,Gauntlet WETH Prime,0x2371e134e3455e0593363cBF89d3b6cf53740618,WETH,2.1021458627903136
2025-09-07,Gauntlet WETH Prime,0x2371e134e3455e0593363cBF89d3b6cf53740618,WETH,1.778244723849961
2025-09-08,Gauntlet WETH Prime,0x2371e134e3455e0593363cBF89d3b6cf53740618,WETH,1.7744318824369565
2025-09-09,Gauntlet WETH Prime,0x2371e134e3455e0593363cBF89d3b6cf53740618,WETH,1.7930686581460324
2025-09-10,Gauntlet WETH Prime,0x2371e134e3455e0593363cBF89d3b6cf53740618,WETH,1.9192818995525651
2025-09-11,Gauntlet WETH Prime,0x2371e134e3455e0593363cBF89d3b6cf53740618,WETH,1.6837157496644297
2025-09-12,Gauntlet WETH Prime,0x2371e134e3455e0593363cBF89d3b6cf53740618,WETH,1.7678910808931534
2025-09-13,Gauntlet WETH Prime,0x2371e134e3455e0593363cBF89d3b6cf53740618,WETH,1.757001732938466
2025-09-14,Gauntlet WETH Prime,0x2371e134e3455e0593363cBF89d3b6cf53740618,WETH,1.7677712893204578
2025-09-15,Gauntlet WETH Prime,0x2371e134e3455e0593363cBF89d3b6cf53740618,WETH,1.9276057255880006
2025-09-16,Gauntlet WETH Prime,0x2371e134e3455e0593363cBF89d3b6cf53740618,WETH,2.1004770822626684
2025-09-18,Gauntlet WETH Prime,0x2371e134e3455e0593363cBF89d3b6cf53740618,WETH,4.313809395059802
2025-09-20,Gauntlet WETH Prime,0x2371e134e3455e0593363cBF89d3b6cf53740618,WETH,4.019152408077621
2025-09-21,Gauntlet WETH Prime,0x2371e134e3455e0593363cBF89d3b6cf53740618,WETH,1.8179523948978353
2025-09-22,Gauntlet WETH Prime,0x2371e134e3455e0593363cBF89d3b6cf53740618,WETH,1.9700205365256107
2025-09-23,Gauntlet WETH Prime,0x2371e134e3455e0593363cBF89d3b6cf53740618,WETH,1.8182641996366034
2025-09-24,Gauntlet WETH Prime,0x2371e134e3455e0593363cBF89d3b6cf53740618,WETH,1.9574496588528383
2025-09-25,Gauntlet WETH Prime,0x2371e134e3455e0593363cBF89d3b6cf53740618,WETH,1.7030796070581629
2025-09-26,Gauntlet WETH Prime,0x2371e134e3455e0593363cBF89d3b6cf53740618,WETH,1.687561570228557
2025-09-29,Gauntlet WETH Prime,0x2371e134e3455e0593363cBF89d3b6cf53740618,WETH,4.54955811116082
2025-09-30,Gauntlet WETH Prime,0x2371e134e3455e0593363cBF89d3b6cf53740618,WETH,1.5780491858134873
2025-10-01,Gauntlet WETH Prime,0x2371e134e3455e0593363cBF89d3b6cf53740618,WETH,1.5091454017653512
2025-10-02,Gauntlet WETH Prime,0x2371e134e3455e0593363cBF89d3b6cf53740618,WETH,1.6677597490836624
2025-10-03,Gauntlet WETH Prime,0x2371e134e3455e0593363cBF89d3b6cf53740618,WETH,1.6784212685074154
2025-10-04,Gauntlet WETH Prime,0x2371e134e3455e0593363cBF89d3b6cf53740618,WETH,1.7268513531854115
2025-10-05,Gauntlet WETH Prime,0x2371e134e3455e0593363cBF89d3b6cf53740618,WETH,1.732997009454928
2025-10-06,Gauntlet WETH Prime,0x2371e134e3455e0593363cBF89d3b6cf53740618,WETH,1.707339606973529
2025-10-07,Gauntlet WETH Prime,0x2371e134e3455e0593363cBF89d3b6cf53740618,WETH,2.3813900577136478
2025-10-08,Gauntlet WETH Prime,0x2371e134e3455e0593363cBF89d3b6cf53740618,WETH,2.1641817125354095
2025-10-09,Gauntlet WETH Prime,0x2371e134e3455e0593363cBF89d3b6cf53740618,WETH,2.298569974853597
2025-10-11,Gauntlet WETH Prime,0x2371e134e3455e0593363cBF89d3b6cf53740618,WETH,3.986911197701728
2025-10-12,Gauntlet WETH Prime,0x2371e134e3455e0593363cBF89d3b6cf53740618,WETH,2.218620338851778
2025-10-13,Gauntlet WETH Prime,0x2371e134e3455e0593363cBF89d3b6cf53740618,WETH,1.9739242352746755
2025-10-14,Gauntlet WETH Prime,0x2371e134e3455e0593363cBF89d3b6cf53740618,WETH,2.004234181994297
2025-10-15,Gauntlet WETH Prime,0x2371e134e3455e0593363cBF89d3b6cf53740618,WETH,1.8594808402958414
2025-10-16,Gauntlet WETH Prime,0x2371e134e3455e0593363cBF89d3b6cf53740618,WETH,1.9199076956861825
2025-10-17,Gauntlet WETH Prime,0x2371e134e3455e0593363cBF89d3b6cf53740618,WETH,2.0678827884508175
2025-10-19,Gauntlet WETH Prime,0x2371e134e3455e0593363cBF89d3b6cf53740618,WETH,2.5788975168074373
2025-10-20,Gauntlet WETH Prime,0x2371e134e3455e0593363cBF89d3b6cf53740618,WETH,2.9307451450223883
2025-10-21,Gauntlet WETH Prime,0x2371e134e3455e0593363cBF89d3b6cf53740618,WETH,2.3906650955872157
2025-10-22,Gauntlet WETH Prime,0x2371e134e3455e0593363cBF89d3b6cf53740618,WETH,2.240151231548128
2025-10-23,Gauntlet WETH Prime,0x2371e134e3455e0593363cBF89d3b6cf53740618,WETH,2.1272934621166595
2025-10-25,Gauntlet WETH Prime,0x2371e134e3455e0593363cBF89d3b6cf53740618,WETH,4.860772381711605
2025-10-27,Gauntlet WETH Prime,0x2371e134e3455e0593363cBF89d3b6cf53740618,WETH,4.1588062409119635
2025-10-28,Gauntlet WETH Prime,0x2371e134e3455e0593363cBF89d3b6cf53740618,WETH,2.150253709012041
2025-10-29,Gauntlet WETH Prime,0x2371e134e3455e0593363cBF89d3b6cf53740618,WETH,1.9669777067546554
2025-10-30,Gauntlet WETH Prime,0x2371e134e3455e0593363cBF89d3b6cf53740618,WETH,1.9018590705780125
2025-09-01,MEV Capital wETH,0x9a8bC3B04b7f3D87cfC09ba407dCED575f2d61D8,WETH,2.3838093810242214
2025-09-02,MEV Capital wETH,0x9a8bC3B04b7f3D87cfC09ba407dCED575f2d61D8,WETH,2.2813767769297715
2025-09-08,MEV Capital wETH,0x9a8bC3B04b7f3D87cfC09ba407dCED575f2d61D8,WETH,14.063301461961085
2025-09-09,MEV Capital wETH,0x9a8bC3B04b7f3D87cfC09ba407dCED575f2d61D8,WETH,2.0250141671066424
2025-09-10,MEV Capital wETH,0x9a8bC3B04b7f3D87cfC09ba407dCED575f2d61D8,WETH,2.0576379640945537
2025-09-11,MEV Capital wETH,0x9a8bC3B04b7f3D87cfC09ba407dCED575f2d61D8,WETH,2.0485534429115995
2025-09-12,MEV Capital wETH,0x9a8bC3B04b7f3D87cfC09ba407dCED575f2d61D8,WETH,2.0370269769983103
2025-09-13,MEV Capital wETH,0x9a8bC3B04b7f3D87cfC09ba407dCED575f2d61D8,WETH,2.142523263946488
2025-09-14,MEV Capital wETH,0x9a8bC3B04b7f3D87cfC09ba407dCED575f2d61D8,WETH,2.362955154923894
2025-09-15,MEV Capital wETH,0x9a8bC3B04b7f3D87cfC09ba407dCED575f2d61D8,WETH,2.9217506716471306
2025-09-16,MEV Capital wETH,0x9a8bC3B04b7f3D87cfC09ba407dCED575f2d61D8,WETH,3.509178813250566
2025-09-17,MEV Capital wETH,0x9a8bC3B04b7f3D87cfC09ba407dCED575f2d61D8,WETH,2.796945190116046
2025-09-20,MEV Capital wETH,0x9a8bC3B04b7f3D87cfC09ba407dCED575f2d61D8,WETH,15.722721447891855
2025-09-21,MEV Capital wETH,0x9a8bC3B04b7f3D87cfC09ba407dCED575f2d61D8,WETH,2.922726060434947
2025-09-22,MEV Capital wETH,0x9a8bC3B04b7f3D87cfC09ba407dCED575f2d61D8,WETH,3.539037475220374
2025-09-23,MEV Capital wETH,0x9a8bC3B04b7f3D87cfC09ba407dCED575f2d61D8,WETH,4.197132550614418
2025-09-24,MEV Capital wETH,0x9a8bC3B04b7f3D87cfC09ba407dCED575f2d61D8,WETH,3.391547556198832
2025-09-25,MEV Capital wETH,0x9a8bC3B04b7f3D87cfC09ba407dCED575f2d61D8,WETH,3.0718842977593814
2025-09-26,MEV Capital wETH,0x9a8bC3B04b7f3D87cfC09ba407dCED575f2d61D8,WETH,2.7673623587622243
2025-09-27,MEV Capital wETH,0x9a8bC3B04b7f3D87cfC09ba407dCED575f2d61D8,WETH,2.2610108372658697
2025-09-28,MEV Capital wETH,0x9a8bC3B04b7f3D87cfC09ba407dCED575f2d61D8,WETH,2.100901308933091
2025-09-29,MEV Capital wETH,0x9a8bC3B04b7f3D87cfC09ba407dCED575f2d61D8,WETH,2.173245987171905
2025-09-30,MEV Capital wETH,0x9a8bC3B04b7f3D87cfC09ba407dCED575f2d61D8,WETH,2.1617714450203342
2025-10-02,MEV Capital wETH,0x9a8bC3B04b7f3D87cfC09ba407dCED575f2d61D8,WETH,4.5499518233629646
2025-10-03,MEV Capital wETH,0x9a8bC3B04b7f3D87cfC09ba407dCED575f2d61D8,WETH,2.7833826992277184
2025-10-04,MEV Capital wETH,0x9a8bC3B04b7f3D87cfC09ba407dCED575f2d61D8,WETH,2.4160405346191203
2025-10-05,MEV Capital wETH,0x9a8bC3B04b7f3D87cfC09ba407dCED575f2d61D8,WETH,2.019256725008995
2025-10-06,MEV Capital wETH,0x9a8bC3B04b7f3D87cfC09ba407dCED575f2d61D8,WETH,2.1234288776895016
2025-10-07,MEV Capital wETH,0x9a8bC3B04b7f3D87cfC09ba407dCED575f2d61D8,WETH,2.6195627666225807
2025-10-08,MEV Capital wETH,0x9a8bC3B04b7f3D87cfC09ba407dCED575f2d61D8,WETH,2.6722473602392265
2025-10-09,MEV Capital wETH,0x9a8bC3B04b7f3D87cfC09ba407dCED575f2d61D8,WETH,2.701267193435973
2025-10-10,MEV Capital wETH,0x9a8bC3B04b7f3D87cfC09ba407dCED575f2d61D8,WETH,2.655259546123853
2025-10-11,MEV Capital wETH,0x9a8bC3B04b7f3D87cfC09ba407dCED575f2d61D8,WETH,2.788740285617711
2025-10-12,MEV Capital wETH,0x9a8bC3B04b7f3D87cfC09ba407dCED575f2d61D8,WETH,2.5985191525049047
2025-10-13,MEV Capital wETH,0x9a8bC3B04b7f3D87cfC09ba407dCED575f2d61D8,WETH,2.4198827477585407
2025-10-14,MEV Capital wETH,0x9a8bC3B04b7f3D87cfC09ba407dCED575f2d61D8,WETH,2.30555319345778
2025-10-15,MEV Capital wETH,0x9a8bC3B04b7f3D87cfC09ba407dCED575f2d61D8,WETH,2.091850154186339
2025-10-16,MEV Capital wETH,0x9a8bC3B04b7f3D87cfC09ba407dCED575f2d61D8,WETH,2.086677427970522
2025-10-17,MEV Capital wETH,0x9a8bC3B04b7f3D87cfC09ba407dCED575f2d61D8,WETH,2.2595600446785316
2025-10-18,MEV Capital wETH,0x9a8bC3B04b7f3D87cfC09ba407dCED575f2d61D8,WETH,2.341509559391472
2025-10-19,MEV Capital wETH,0x9a8bC3B04b7f3D87cfC09ba407dCED575f2d61D8,WETH,2.628288200580008
2025-10-20,MEV Capital wETH,0x9a8bC3B04b7f3D87cfC09ba407dCED575f2d61D8,WETH,2.801015820075333
2025-10-21,MEV Capital wETH,0x9a8bC3B04b7f3D87cfC09ba407dCED575f2d61D8,WETH,2.397141641457501
2025-10-22,MEV Capital wETH,0x9a8bC3B04b7f3D87cfC09ba407dCED575f2d61D8,WETH,2.581586934219105
2025-10-23,MEV Capital wETH,0x9a8bC3B04b7f3D87cfC09ba407dCED575f2d61D8,WETH,2.5366048354779336
2025-10-24,MEV Capital wETH,0x9a8bC3B04b7f3D87cfC09ba407dCED575f2d61D8,WETH,2.476856112483928
2025-10-25,MEV Capital wETH,0x9a8bC3B04b7f3D87cfC09ba407dCED575f2d61D8,WETH,2.731091292778241
2025-10-26,MEV Capital wETH,0x9a8bC3B04b7f3D87cfC09ba407dCED575f2d61D8,WETH,2.2901213122934765
2025-10-27,MEV Capital wETH,0x9a8bC3B04b7f3D87cfC09ba407dCED575f2d61D8,WETH,2.554242310327043
2025-10-28,MEV Capital wETH,0x9a8bC3B04b7f3D87cfC09ba407dCED575f2d61D8,WETH,2.471849781898835
2025-10-29,MEV Capital wETH,0x9a8bC3B04b7f3D87cfC09ba407dCED575f2d61D8,WETH,2.440308254742537
2025-10-30,MEV Capital wETH,0x9a8bC3B04b7f3D87cfC09ba407dCED575f2d61D8,WETH,2.5549335401417808
2025-09-01,Steakhouse WETH,0xBEEf050ecd6a16c4e7bfFbB52Ebba7846C4b8cD4,WETH,2.4564900920532193
2025-09-02,Steakhouse WETH,0xBEEf050ecd6a16c4e7bfFbB52Ebba7846C4b8cD4,WETH,2.5276268587335884
2025-09-03,Steakhouse WETH,0xBEEf050ecd6a16c4e7bfFbB52Ebba7846C4b8cD4,WETH,2.073191937155942
2025-09-04,Steakhouse WETH,0xBEEf050ecd6a16c4e7bfFbB52Ebba7846C4b8cD4,WETH,2.004344386712367
2025-09-05,Steakhouse WETH,0xBEEf050ecd6a16c4e7bfFbB52Ebba7846C4b8cD4,WETH,2.081514993853473
2025-09-06,Steakhouse WETH,0xBEEf050ecd6a16c4e7bfFbB52Ebba7846C4b8cD4,WETH,1.789303425442545
2025-09-07,Steakhouse WETH,0xBEEf050ecd6a16c4e7bfFbB52Ebba7846C4b8cD4,WETH,1.8177115290266597
2025-09-08,Steakhouse WETH,0xBEEf050ecd6a16c4e7bfFbB52Ebba7846C4b8cD4,WETH,1.658745973501589
2025-09-09,Steakhouse WETH,0xBEEf050ecd6a16c4e7bfFbB52Ebba7846C4b8cD4,WETH,1.7425230849568498
2025-09-10,Steakhouse WETH,0xBEEf050ecd6a16c4e7bfFbB52Ebba7846C4b8cD4,WETH,1.7249990960533952
2025-09-11,Steakhouse WETH,0xBEEf050ecd6a16c4e7bfFbB52Ebba7846C4b8cD4,WETH,1.6621314137650394
2025-09-12,Steakhouse WETH,0xBEEf050ecd6a16c4e7bfFbB52Ebba7846C4b8cD4,WETH,1.608132801197072
2025-09-13,Steakhouse WETH,0xBEEf050ecd6a16c4e7bfFbB52Ebba7846C4b8cD4,WETH,1.6834899733604884
2025-09-14,Steakhouse WETH,0xBEEf050ecd6a16c4e7bfFbB52Ebba7846C4b8cD4,WETH,1.7817985801804652
2025-09-15,Steakhouse WETH,0xBEEf050ecd6a16c4e7bfFbB52Ebba7846C4b8cD4,WETH,1.7191299906814352
2025-09-16,Steakhouse WETH,0xBEEf050ecd6a16c4e7bfFbB52Ebba7846C4b8cD4,WETH,1.889703530171596
2025-09-17,Steakhouse WETH,0xBEEf050ecd6a16c4e7bfFbB52Ebba7846C4b8cD4,WETH,2.042146129645825
2025-09-18,Steakhouse WETH,0xBEEf050ecd6a16c4e7bfFbB52Ebba7846C4b8cD4,WETH,2.0186629484641214
2025-09-19,Steakhouse WETH,0xBEEf050ecd6a16c4e7bfFbB52Ebba7846C4b8cD4,WETH,1.9221834588266884
2025-09-20,Steakhouse WETH,0xBEEf050ecd6a16c4e7bfFbB52Ebba7846C4b8cD4,WETH,1.7691117601572568
2025-09-21,Steakhouse WETH,0xBEEf050ecd6a16c4e7bfFbB52Ebba7846C4b8cD4,WETH,1.7067340616698492
2025-09-22,Steakhouse WETH,0xBEEf050ecd6a16c4e7bfFbB52Ebba7846C4b8cD4,WETH,1.7875378750067374
2025-09-23,Steakhouse WETH,0xBEEf050ecd6a16c4e7bfFbB52Ebba7846C4b8cD4,WETH,1.84975232073542
2025-09-24,Steakhouse WETH,0xBEEf050ecd6a16c4e7bfFbB52Ebba7846C4b8cD4,WETH,1.7598324634078322
2025-09-25,Steakhouse WETH,0xBEEf050ecd6a16c4e7bfFbB52Ebba7846C4b8cD4,WETH,1.4787661946140234
2025-09-26,Steakhouse WETH,0xBEEf050ecd6a16c4e7bfFbB52Ebba7846C4b8cD4,WETH,1.4028579872773024
2025-09-27,Steakhouse WETH,0xBEEf050ecd6a16c4e7bfFbB52Ebba7846C4b8cD4,WETH,1.2179890390168575
2025-09-28,Steakhouse WETH,0xBEEf050ecd6a16c4e7bfFbB52Ebba7846C4b8cD4,WETH,1.2479492015976248
2025-09-29,Steakhouse WETH,0xBEEf050ecd6a16c4e7bfFbB52Ebba7846C4b8cD4,WETH,1.1990799086359645
2025-09-30,Steakhouse WETH,0xBEEf050ecd6a16c4e7bfFbB52Ebba7846C4b8cD4,WETH,1.3004806840639045
2025-10-01,Steakhouse WETH,0xBEEf050ecd6a16c4e7bfFbB52Ebba7846C4b8cD4,WETH,1.3649026169069245
2025-10-02,Steakhouse WETH,0xBEEf050ecd6a16c4e7bfFbB52Ebba7846C4b8cD4,WETH,1.643906333085299
2025-10-03,Steakhouse WETH,0xBEEf050ecd6a16c4e7bfFbB52Ebba7846C4b8cD4,WETH,1.4823819463007055
2025-10-04,Steakhouse WETH,0xBEEf050ecd6a16c4e7bfFbB52Ebba7846C4b8cD4,WETH,1.476432893664616
2025-10-05,Steakhouse WETH,0xBEEf050ecd6a16c4e7bfFbB52Ebba7846C4b8cD4,WETH,1.4488415937657786
2025-10-06,Steakhouse WETH,0xBEEf050ecd6a16c4e7bfFbB52Ebba7846C4b8cD4,WETH,1.4544669823315517
2025-10-07,Steakhouse WETH,0xBEEf050ecd6a16c4e7bfFbB52Ebba7846C4b8cD4,WETH,2.238740698379206
2025-10-08,Steakhouse WETH,0xBEEf050ecd6a16c4e7bfFbB52Ebba7846C4b8cD4,WETH,2.1987350578929292
2025-10-09,Steakhouse WETH,0xBEEf050ecd6a16c4e7bfFbB52Ebba7846C4b8cD4,WETH,2.3055780811742146
2025-10-10,Steakhouse WETH,0xBEEf050ecd6a16c4e7bfFbB52Ebba7846C4b8cD4,WETH,1.873860305186298
2025-10-11,Steakhouse WETH,0xBEEf050ecd6a16c4e7bfFbB52Ebba7846C4b8cD4,WETH,1.9850729304854011
2025-10-12,Steakhouse WETH,0xBEEf050ecd6a16c4e7bfFbB52Ebba7846C4b8cD4,WETH,2.186509725934931
2025-10-13,Steakhouse WETH,0xBEEf050ecd6a16c4e7bfFbB52Ebba7846C4b8cD4,WETH,1.819911614796635
2025-10-14,Steakhouse WETH,0xBEEf050ecd6a16c4e7bfFbB52Ebba7846C4b8cD4,WETH,1.834562817454683
2025-10-15,Steakhouse WETH,0xBEEf050ecd6a16c4e7bfFbB52Ebba7846C4b8cD4,WETH,1.6364537327162691
2025-10-16,Steakhouse WETH,0xBEEf050ecd6a16c4e7bfFbB52Ebba7846C4b8cD4,WETH,1.761540106394882
2025-10-17,Steakhouse WETH,0xBEEf050ecd6a16c4e7bfFbB52Ebba7846C4b8cD4,WETH,2.0191659690378967
2025-10-18,Steakhouse WETH,0xBEEf050ecd6a16c4e7bfFbB52Ebba7846C4b8cD4,WETH,2.100549379295677
2025-10-19,Steakhouse WETH,0xBEEf050ecd6a16c4e7bfFbB52Ebba7846C4b8cD4,WETH,2.541779541044799
2025-10-20,Steakhouse WETH,0xBEEf050ecd6a16c4e7bfFbB52Ebba7846C4b8cD4,WETH,2.8993104022641853
2025-10-21,Steakhouse WETH,0xBEEf050ecd6a16c4e7bfFbB52Ebba7846C4b8cD4,WETH,2.3035483907249756
2025-10-22,Steakhouse WETH,0xBEEf050ecd6a16c4e7bfFbB52Ebba7846C4b8cD4,WETH,2.2281842997103207
2025-10-23,Steakhouse WETH,0xBEEf050ecd6a16c4e7bfFbB52Ebba7846C4b8cD4,WETH,2.0702848711674102
2025-10-24,Steakhouse WETH,0xBEEf050ecd6a16c4e7bfFbB52Ebba7846C4b8cD4,WETH,1.9817382490905604
2025-10-25,Steakhouse WETH,0xBEEf050ecd6a16c4e7bfFbB52Ebba7846C4b8cD4,WETH,2.6850886751273277
2025-10-26,Steakhouse WETH,0xBEEf050ecd6a16c4e7bfFbB52Ebba7846C4b8cD4,WETH,1.851205999566268
2025-10-27,Steakhouse WETH,0xBEEf050ecd6a16c4e7bfFbB52Ebba7846C4b8cD4,WETH,2.0291593965724313
2025-10-28,Steakhouse WETH,0xBEEf050ecd6a16c4e7bfFbB52Ebba7846C4b8cD4,WETH,2.2094561862364857
2025-10-29,Steakhouse WETH,0xBEEf050ecd6a16c4e7bfFbB52Ebba7846C4b8cD4,WETH,1.8825967783011357
2025-10-30,Steakhouse WETH,0xBEEf050ecd6a16c4e7bfFbB52Ebba7846C4b8cD4,WETH,1.8370980157162615
2025-10-24,kpk WETH Yield,0x234E5AE16eDf321AB5c2DDeBb0CCdf05aACb233b,WETH,0.0
2025-10-25,kpk WETH Yield,0x234E5AE16eDf321AB5c2DDeBb0CCdf05aACb233b,WETH,3.123888241074867
2025-10-26,kpk WETH Yield,0x234E5AE16eDf321AB5c2DDeBb0CCdf05aACb233b,WETH,2.924612146145218
2025-10-27,kpk WETH Yield,0x234E5AE16eDf321AB5c2DDeBb0CCdf05aACb233b,WETH,2.974236100951116
2025-10-28,kpk WETH Yield,0x234E5AE16eDf321AB5c2DDeBb0CCdf05aACb233b,WETH,2.975560390722355
2025-10-29,kpk WETH Yield,0x234E5AE16eDf321AB5c2DDeBb0CCdf05aACb233b,WETH,2.9298397468748094
2025-10-30,kpk WETH Yield,0x234E5AE16eDf321AB5c2DDeBb0CCdf05aACb233b,WETH,3.145240311787191
